club_name,file_name,selection,source_status,sha256
ACJ,images/ACJ.jpg,REVIEWED_CONFLICT,CONFLICT,03318b93f3520f94021603f98887b560fa909beafd79d14d4a911370dbc17794
ACJ PORTONES,images/ACJ_PORTONES.jpg,AUTOMATIC,SINGLE,961abacb0ad0ac173af253efc695a2d5a996fd7fe349a3a277c0d9980d98c811
AIRES PUROS,images/AIRES_PUROS.jpg,REVIEWED_CONFLICT,CONFLICT,43b744109fd5210647f449dc99525afe753033602e4ff106499b271b2196b6d4
ALKIMIA,images/ALKIMIA.jpg,AUTOMATIC,SINGLE,28ea2c9184bc954e9451df84b20823a71ef881542a9888527dc5bfa6e4570671
ARRIETA - CDV,images/ARRIETA_CDV.jpg,REVIEWED_CONFLICT,CONFLICT,2b8ebef29f882e92641df5ad4f173a4775c34670048f2f624c9fd9a12b676486
ATENAS,images/ATENAS.jpg,REVIEWED_CONFLICT,CONFLICT,76dd671640250b40fcd68d6249a183cb8203890aa852d1193cbdfc07477543b8
BAGE,images/BAGE.jpg,AUTOMATIC,SINGLE,bc1480a584b21489f8e4aef208d8fd9bb23ca4b6b2585fec52ea30ecd2677976
BIGUA,images/BIGUA.jpg,AUTOMATIC,SINGLE,2175a8b40a8cecf96ff017bf0704304a297f2207c3005e1c61012d4b47b0a736
BIGUA BIARRITZ,images/BIGUA_BIARRITZ.jpg,AUTOMATIC,SINGLE,2175a8b40a8cecf96ff017bf0704304a297f2207c3005e1c61012d4b47b0a736
BOHEMIOS,images/BOHEMIOS.jpg,REVIEWED_CONFLICT,CONFLICT,1b12f7f7107877a145fcfaf342aca2dde4ca28b5dda160a37a696a87141c0f06
BOMBINI,images/BOMBINI.jpg,AUTOMATIC,SINGLE,991dc2a309c823a6b1cab3be9a90cedc3e930f9403ed1ed4a066062c5c164eeb
BUCEO VOLEY,images/BUCEO_VOLEY.jpg,AUTOMATIC,SINGLE,aa1033e674ef8f38e1e2486aa39f87359c74bad3b94a849631df0c6f32cbb72d
C Y V,images/C_Y_V.jpg,AUTOMATIC,SINGLE,02764a6201397d6ed9e724f19157ec1ce2b01b781a753fde72bc032d403389b4
C.A JUAN E. MILLER,images/C_A_JUAN_E_MILLER.jpg,AUTOMATIC,SINGLE,027f6b9e4a9a7be606ff075382e6f11a4889ed91876e0ed30cf7e76015b999bd
C.A. 17 DE MAYO - BBC,images/C_A_17_DE_MAYO_BBC.jpg,AUTOMATIC,CONFIRMED,3f21347bad07ae84c21196685d6a5b06706ce8e50c6ae166ed010fa91025d1d9
C.D. ALBATROS,images/C_D_ALBATROS.jpg,REVIEWED_CONFLICT,CONFLICT,03e514f5fcbc4b0aa1cb18cc2729195a1ce2a6a0959423f1b7272dcb8987eb94
C.DOMINIO,images/C_DOMINIO.jpg,AUTOMATIC,SINGLE,9583ba43c9d8a725eee9b2b0afa51da0f12e5b290c79421c5576a9d571c6d6c2
C.S. SOLIS,images/C_S_SOLIS.jpg,AUTOMATIC,CONFIRMED,2871b2d4470c3c2a4a1ee79ff0903dfe0deda8d6d3af9138bc4f8d5f6bda9639
CABERNET,images/CABERNET.jpg,AUTOMATIC,SINGLE,07080cc618f7547fc87fa2dbd96003f4e2fce7eca08e1856bc7654b55c8a884e
CANELON CHICO,images/CANELON_CHICO.jpg,AUTOMATIC,CONFIRMED,cf55b38aacfe06b67b14632ad4c6e08cc52a56478a552ddbbc410b3e72eef4ef
CBPS,images/CBPS.jpg,REVIEWED_CONFLICT,CONFLICT,acc52953aac9227c923fc73e15d2eff020ed66779c04ab1282cf9acfee05dc1e
CBR,images/CBR.jpg,REVIEWED_CONFLICT,CONFLICT,f75be591eda3242963fb7397bfac64ed55eab8fa0e84c8dbe2e6947f86934bfa
CENTRO MELILLA,images/CENTRO_MELILLA.jpg,AUTOMATIC,CONFIRMED,4f19f6ab19f189bd71380bacd75b981f97fdda6e280624690b178e48568a85e2
CITY PARK,images/CITY_PARK.jpg,REVIEWED_CONFLICT,CONFLICT,b67e0b339e1b0f83be4fd071106b7dbe565f5829a852e21d6da60538ceda54c8
COLEGIO ARETEIA,images/COLEGIO_ARETEIA.jpg,REVIEWED_CONFLICT,CONFLICT,9909c2ffbd8046dad468ed33195ca5a1008addf11b5490950616775006bd3b75
COLEGIO SAN PABLO,images/COLEGIO_SAN_PABLO.jpg,REVIEWED_CONFLICT,CONFLICT,aefbbb254e5f142767c01d46296516e7aa1da701a0c54631cf177b1d7196098e
CORDON,images/CORDON.jpg,REVIEWED_CONFLICT,CONFLICT,73c996815ed9bc77b14c01fa4cc755ecfa0802dee3d2fcff9a8c7c04c881f061
COSTA AZUL,images/COSTA_AZUL.jpg,AUTOMATIC,SINGLE,698cb356965c4a596cba9f2535d3cdf7c6806adc04b7149b3173e54623882958
COUNTRY EL PINAR,images/COUNTRY_EL_PINAR.jpg,REVIEWED_CONFLICT,CONFLICT,68c39d59ce18bfc3df1d54f792bc7a6c2050fe782f8d8c3fcf3711c732e5a9e8
CPCH PANDO,images/CPCH_PANDO.jpg,AUTOMATIC,CONFIRMED,961abacb0ad0ac173af253efc695a2d5a996fd7fe349a3a277c0d9980d98c811
CRANDON,images/CRANDON.jpg,AUTOMATIC,SINGLE,8c4d13a1d75fa8a6d7b3720db8a5a48b4f9047c2063871e7c585a968ad24b964
DEFENSOR DE MALDONADO,images/DEFENSOR_DE_MALDONADO.jpg,AUTOMATIC,SINGLE,66bad5058ae8ef5f515344f7738b2db588ac7e24eec1ec77f89d63a0852232ef
DEPORTIVO MALDONADO,images/DEPORTIVO_MALDONADO.jpg,AUTOMATIC,SINGLE,48d613164fe27e8c4632f4319e4c17eecd14445de436b7158a54186652ffaaf7
DEPORTIVO MONTAÑES,images/DEPORTIVO_MONTANES.jpg,AUTOMATIC,SINGLE,c5fa504e725f93613e79ca9d8d3b4c49001edfb75ee800c86a10c6358f30f74c
DESPLAZADOS,images/DESPLAZADOS.jpg,AUTOMATIC,SINGLE,f50e9e9851c5ef9e3c32948d8cbcf286badef874233d8077e4d3286c0cdb3a98
EMPALME OLMOS,images/EMPALME_OLMOS.jpg,REVIEWED_CONFLICT,CONFLICT,38aa414ea47ea1aec94a509d2b9b289497b35cf0a3e546a225a7740be780704f
ENFOQUE,images/ENFOQUE.jpg,REVIEWED_CONFLICT,CONFLICT,3ebffeda5360ff763183f0432092fea215d640aac7b0e046ed13639a42197430
ESCUELA MILITAR,images/ESCUELA_MILITAR.jpg,AUTOMATIC,SINGLE,ec4af52e62177f1e101f1180ae1860b117602e5b2e1b775467b09879b6e9e3b1
EVP Punta,images/EVP_PUNTA.jpg,AUTOMATIC,CONFIRMED,e11474fec532bac7570e694ea44acdfa7a49355d0e749cd62ce0f8fda5d09a7f
GIMNASIO SAYAGO,images/GIMNASIO_SAYAGO.jpg,AUTOMATIC,SINGLE,5f50aa9d0d34cdeee108d980f1a9f04153cbe38b99bf1b373b05d181acaa7fb7
HEBRAICA Y MACABI,images/HEBRAICA_Y_MACABI.jpg,REVIEWED_CONFLICT,CONFLICT,7f0ba3c0aa54887a94e3cc84d60cd1e72e9c5233e0171a7c2da24d5df6f1711e
HEROICA CELTICS,images/HEROICA_CELTICS.jpg,AUTOMATIC,SINGLE,9a5f69f627f64b0b71e40fecc882a6946bce89039ee1de5797ab1a0962599c8d
IMPERIO,images/IMPERIO.jpg,AUTOMATIC,SINGLE,961abacb0ad0ac173af253efc695a2d5a996fd7fe349a3a277c0d9980d98c811
INFIT CLUB LA COSTA,images/INFIT_CLUB_LA_COSTA.jpg,REVIEWED_CONFLICT,CONFLICT,5d932fc4bf011b0c00f62bdf64c956cd6f99df874f3006a464a1e760f6459023
INSTITUTO BETA,images/INSTITUTO_BETA.jpg,AUTOMATIC,SINGLE,fffa2d466f4bf8241bc14111dc03046f8a3bccf59be10294a137848393d21e80
J. SUAREZ V.C,images/J_SUAREZ_V_C.jpg,AUTOMATIC,CONFIRMED,6ec614b8650ee70699ab9365c36dedccc7c82dd5a4f13f604dbdb25657cf45bd
JMLM UNIVERSITARIO,images/JMLM_UNIVERSITARIO.jpg,AUTOMATIC,SINGLE,4af80ef1a9a774b36b596e099bf0680eb5fbc4197bc8d0f0e3f223e76c2c3179
JUAN FERREIRA,images/JUAN_FERREIRA.jpg,REVIEWED_CONFLICT,CONFLICT,8d7616d9bbc16250e27ee7b9228b5239631147013451d5211d7e8f265561cdeb
KONRAD & Asociados,images/KONRAD_ASOCIADOS.jpg,AUTOMATIC,SINGLE,12446240e1603499196ebd99d6b9543c88d70ac1a7a0930fa0e66295abfa05a4
LA FRANJA,images/LA_FRANJA.jpg,REVIEWED_CONFLICT,CONFLICT,7fcabf507e701a30e91650284526391106ce66390fabc562a3a43b4ad17f4d1c
LA PAZ VOLEY,images/LA_PAZ_VOLEY.jpg,AUTOMATIC,CONFIRMED,d6183e97394f77d3353434be9af8edd587dacf4023412a1dd249ba082dc4d3ef
LAGOMAR,images/LAGOMAR.jpg,REVIEWED_CONFLICT,CONFLICT,0e7679d3ec27617760f7e6aa99062298edc8d31e9995ac551cfa21f03e7d2e87
LAS ORIONAS,images/LAS_ORIONAS.jpg,AUTOMATIC,SINGLE,089ce0442af7c0fbebd20df72783b3c3d6aa8ddb1150ad86f876353687b708d8
LAS PIEDRAS MVC,images/LAS_PIEDRAS_MVC.jpg,AUTOMATIC,CONFIRMED,ceca26ff5f63e29cf1341c195e1f0151f78410b66860c7aae8bfa5514a4ddc13
LEGENDS,images/LEGENDS.jpg,AUTOMATIC,SINGLE,bc1f2b8d918846fc4f72369427fff323ad82e359f29732eab844207ff8b9ebc2
LOBAS DEL ESTE,images/LOBAS_DEL_ESTE.jpg,AUTOMATIC,SINGLE,0ea6837822f7e7d1acd6d0dd2951549a7eded1f60708fbb6f8689faccdc7e081
LOS TITANES LA TUNA,images/LOS_TITANES_LA_TUNA.jpg,AUTOMATIC,SINGLE,961abacb0ad0ac173af253efc695a2d5a996fd7fe349a3a277c0d9980d98c811
MALVIN,images/MALVIN.jpg,REVIEWED_CONFLICT,CONFLICT,7e579961154c2ba9b4c910c3232409427469adf1ea33481c0dc40cf2d49bbc47
MILENIALS,images/MILENIALS.jpg,REVIEWED_CONFLICT,CONFLICT,752bb71ecc53351f4385b5ea8baa6afa465c996d75a88bcd698915766221fd2b
MIRAMAR,images/MIRAMAR.jpg,REVIEWED_CONFLICT,CONFLICT,d61f9250a47a1ddd722fde87f6fcc84a77cad644bb465790ba4cddcccbbb4f9f
MONTERREY,images/MONTERREY.jpg,AUTOMATIC,SINGLE,961abacb0ad0ac173af253efc695a2d5a996fd7fe349a3a277c0d9980d98c811
NACIONAL,images/NACIONAL.jpg,REVIEWED_CONFLICT,CONFLICT,27469f0d4b3dae1355e9afc4b1f084c8f077e98b9e821a6e37af4e61a6193571
NAUTICO,images/NAUTICO.jpg,REVIEWED_CONFLICT,CONFLICT,bce8811d6abc56c40e90fd98aa8b57cf07fd3353a7351038ce0ed2ba0762a4be
NEKOMA,images/NEKOMA.jpg,AUTOMATIC,SINGLE,87d772148e598b5c04dc18f7be30ec3ed8e4c92980b53bb10367b2b6c7a981b6
OLD BRENDAN`S,images/OLD_BRENDAN_S.jpg,AUTOMATIC,SINGLE,e985f7730e84af4765a2ad2b98b281b4c682dc2bc5c7088ca1734d79b0c7e81f
OLIMPIA,images/OLIMPIA.jpg,REVIEWED_CONFLICT,CONFLICT,5c2f5782b64c1623dc302674099a80733ab6de88eceb1cdde59b2f4959fbedca
ORT,images/ORT.jpg,AUTOMATIC,CONFIRMED,08fe430596d4482e9a14d8b06ed782960868ce664f3ab954c20d1d53dad7dbed
P4 - YONI VOLEY,images/P4_YONI_VOLEY.jpg,AUTOMATIC,SINGLE,ee7adf1f672726241d733f6bae63cfa730cc13cb1917fbe625a2292b74a8ebce
PAQUE,images/PAQUE.jpg,AUTOMATIC,SINGLE,dec7bcba7e9bd6ab2e25d98654edea141cbcbd084979ae8e2f177c74cbc34b6b
PARADA 6,images/PARADA_6.jpg,AUTOMATIC,SINGLE,cd9c165fdb347b148ee1e8c872ffd7b75037f0009c5afb47eb7aef873abd3aae
PASO CARRASCO,images/PASO_CARRASCO.jpg,REVIEWED_CONFLICT,CONFLICT,91c39b3bad5caef2d17181161a0edaac67955d2e7f0e909650fdb05d56a00011
PINAMAR,images/PINAMAR.jpg,AUTOMATIC,SINGLE,37b6caa845a90fcca551aa1004dfca2da74416f46d9e22a91b9e70d9c311e6ca
PLAYA PASCUAL,images/PLAYA_PASCUAL.jpg,AUTOMATIC,CONFIRMED,d0462bc0952ef8e2dddb448c9e4467560a30bf8a0688c7a9ce88619388e05554
PLAZA 12,images/PLAZA_12.jpg,AUTOMATIC,SINGLE,a65507901ff36b8a10b669ce1b3024b4d1acb4288132e5122e64d14ac496d97b
PLAZA HELVETICO,images/PLAZA_HELVETICO.jpg,AUTOMATIC,SINGLE,9c5c22a34751fcd00f10486cee80f15a48ba2bde7050f28dbea802b8683b4988
POQUITOS,images/POQUITOS.jpg,AUTOMATIC,CONFIRMED,6d9220bf1cfd9d30b7452e84b24756053a6eeaa8505f8c7043a49319e0a2b453
PROGRESO,images/PROGRESO.jpg,REVIEWED_CONFLICT,CONFLICT,1a5378d368b6f7f402ec1d27c6af9ebdff094a8cb1a577fe77f8a6049ba08bea
SAN JUAN UNIVERSITARIO,images/SAN_JUAN_UNIVERSITARIO.jpg,AUTOMATIC,SINGLE,43b069e694ba1863668a52e28463a45d851f8cc9992ebeb1b238c074ac611b5e
SANTA VOLEY,images/SANTA_VOLEY.jpg,AUTOMATIC,SINGLE,b3d670e5cca914bb0e33a1c09de001fe85350d34f2378fbc6ff31dda8c8b2e21
SAUCE B.B.C,images/SAUCE_B_B_C.jpg,AUTOMATIC,SINGLE,f43f92d5a7d25b1f67b5118e2d26cd26637218e265800fd1ab0610fae597baca
SAYAGO,images/SAYAGO.jpg,REVIEWED_CONFLICT,CONFLICT,9c6390b0a37d7ee8b12b23abe3819eb1de6b6ce9aa12df1a2451c75384626c4f
SJ DE CARRASCO,images/SJ_DE_CARRASCO.jpg,REVIEWED_CONFLICT,CONFLICT,e0032f3645ca2dda58942806c36428941b866a26c9b4ce58063578b41ed478b3
SJC,images/SJC.jpg,REVIEWED_CONFLICT,CONFLICT,86a4f0085d6c2aa3c2ff788fb684d5e5268b8cf57f7421e3dd9c216ff091b56d
TIEMPO CERO,images/TIEMPO_CERO.jpg,AUTOMATIC,CONFIRMED,5313b38680f166e6d74069233077128e7b6c0d853b9b3e14e91c570c14fbf3bf
TINTOCO,images/TINTOCO.jpg,AUTOMATIC,SINGLE,f20dc816942257c3968693c96f65e6ad852c3ef57ee3eae14d86648baf76b652
TORNADO,images/TORNADO.jpg,AUTOMATIC,SINGLE,874eb3e355cb129063926ecdad761c192bcd4acb66b784ebf2eca19b447636f3
U.A.S,images/U_A_S.jpg,AUTOMATIC,SINGLE,350b74bf7f4c0de1c7b3ee5770fab6f3460198851e7bfee22afd9f69fc0aca5c
UCU,images/UCU.jpg,REVIEWED_CONFLICT,CONFLICT,110801835cc462190a2377917c590d781a84507a4cadff24c62df5a06259e3f4
UDELAR,images/UDELAR.jpg,AUTOMATIC,CONFIRMED,1b4559373e89091cffc4a19d98ea4e34bcdbf8c487e7988aec56c53f7865d959
UNION 4 DE JULIO,images/UNION_4_DE_JULIO.jpg,AUTOMATIC,SINGLE,0a58d4b55b7e599c9623d93273f3badc1ffc46510dd9f988dff7abf839ebc1d4
UNION SRS,images/UNION_SRS.jpg,REVIEWED_CONFLICT,CONFLICT,ebe39e78d9402146ec784b95259320a947c35699c5a5d1ac7b9891212c30bbdb
UNION VECINAL,images/UNION_VECINAL.jpg,REVIEWED_CONFLICT,CONFLICT,36a31495bf5acce34326207aa251fa5557a00234df453a70011092c1d15fa9de
UNIVERSAL VOLEY,images/UNIVERSAL_VOLEY.jpg,AUTOMATIC,SINGLE,9ac4aec70558234fbb837d0bc32037aea72f07e21100668836156cc9c099d2b0
URUGUAY PEÑAROL,images/URUGUAY_PENAROL.jpg,REVIEWED_CONFLICT,CONFLICT,4025d0e59eb14e905c3997945adcba1957a7b0e1eb08e8dd09e721a87eac877a
URUPAN,images/URUPAN.jpg,AUTOMATIC,SINGLE,45cf6edb3ccd5362fe95fec91f05592223abf707c720f0cd6b85edfdf1c21aa8
V8 - PPC,images/V8_PPC.jpg,AUTOMATIC,SINGLE,452ecf82d56c0ebce95278a8b566ea19c5319a0b9a041c7b2eaf45cc090391ce
VALKIRIAS,images/VALKIRIAS.jpg,AUTOMATIC,SINGLE,961abacb0ad0ac173af253efc695a2d5a996fd7fe349a3a277c0d9980d98c811
ZONA 3,images/ZONA_3.jpg,AUTOMATIC,CONFIRMED,7d5ba5a980a3369d0f9ac96b8b7afb814672c31a4acb68ef7e44038e10db1104
